-- Military District Management System - Seed Data
-- Encoding: UTF-8

-- Roles
INSERT INTO "роль" ("назва", "опис") VALUES
('Адміністратор', 'Повний доступ до системи'),
('Оператор', 'CRUD операції та запити'),
('Авторизований', 'Перегляд та запити'),
('Гість', 'Тільки перегляд');

-- Military ranks
INSERT INTO "звання" ("назва", "категорія", "порядок") VALUES
-- Officer ranks
('Генерал-полковник', 'офіцерський', 1),
('Генерал-лейтенант', 'офіцерський', 2),
('Генерал-майор', 'офіцерський', 3),
('Полковник', 'офіцерський', 4),
('Підполковник', 'офіцерський', 5),
('Майор', 'офіцерський', 6),
('Капітан', 'офіцерський', 7),
('Старший лейтенант', 'офіцерський', 8),
('Лейтенант', 'офіцерський', 9),
('Молодший лейтенант', 'офіцерський', 10),
-- Sergeant ranks
('Старшина', 'сержантський', 11),
('Старший сержант', 'сержантський', 12),
('Сержант', 'сержантський', 13),
('Молодший сержант', 'сержантський', 14),
('Прапорщик', 'сержантський', 15),
('Старший прапорщик', 'сержантський', 16),
-- Private ranks
('Єфрейтор', 'рядовий', 17),
('Рядовий', 'рядовий', 18);

-- Military specialties
INSERT INTO "військова_спеціальність" ("назва", "код", "опис") VALUES
('Командир підрозділу', '001', 'Командування підрозділами'),
('Стрілець', '002', 'Ведення вогню зі стрілецької зброї'),
('Механік-водій', '003', 'Експлуатація бойової техніки'),
('Навідник', '004', 'Наведення озброєння на ціль'),
('Зв\'язківець', '005', 'Забезпечення зв\'язку'),
('Санітар', '006', 'Медичне забезпечення'),
('Кухар', '007', 'Харчування особового складу'),
('Складник', '008', 'Облік та зберігання майна'),
('Технік', '009', 'Технічне обслуговування'),
('Розвідник', '010', 'Ведення розвідувальної діяльності');

-- Locations
INSERT INTO "місце_дислокації" ("назва", "адреса", "координати", "тип") VALUES
('Військове містечко "Захід"', 'м. Львів, вул. Військова, 1', '49.8397, 24.0297', 'база'),
('Полігон "Північ"', 'с. Північне, Львівська обл.', '50.4501, 30.5234', 'полігон'),
('Складський комплекс "Центр"', 'м. Київ, вул. Складська, 15', '50.4501, 30.5234', 'склад'),
('Навчальний центр "Схід"', 'м. Харків, вул. Навчальна, 7', '49.9935, 36.2304', 'навчальний'),
('Медичний пункт "Південь"', 'м. Одеса, вул. Медична, 3', '46.4825, 30.7233', 'медичний');

-- Military districts
INSERT INTO "військовий_округ" ("назва", "штаб", "командувач") VALUES
('Західний військовий округ', 'м. Львів', 'Генерал-полковник Іваненко І.І.'),
('Північний військовий округ', 'м. Київ', 'Генерал-лейтенант Петренко П.П.'),
('Східний військовий округ', 'м. Харків', 'Генерал-майор Сидоренко С.С.');

-- Armies
INSERT INTO "армія" ("номер", "назва", "військовий_округ_id") VALUES
(1, 'Перша армія', 1),
(2, 'Друга армія', 1),
(3, 'Третя армія', 2),
(4, 'Четверта армія', 3);

-- Corps
INSERT INTO "корпус" ("номер", "армія_id") VALUES
(1, 1), (2, 1), (3, 1),
(1, 2), (2, 2),
(1, 3), (2, 3), (3, 3),
(1, 4);

-- Divisions
INSERT INTO "дивізія" ("номер", "тип", "корпус_id") VALUES
(1, 'механізована', 1),
(2, 'танкова', 1),
(3, 'артилерійська', 2),
(4, 'механізована', 3),
(5, 'танкова', 4),
(6, 'артилерійська', 5),
(7, 'механізована', 6),
(8, 'танкова', 7),
(9, 'артилерійська', 8);

-- Brigades
INSERT INTO "бригада" ("номер", "тип", "армія_id") VALUES
(1, 'розвідувальна', 1),
(2, 'інженерна', 2),
(3, 'зв\'язку', 3),
(4, 'медична', 4);

-- Military units
INSERT INTO "військова_частина" ("номер", "назва", "дивізія_id", "бригада_id", "місце_дислокації_id") VALUES
('A001', '1-й механізований полк', 1, NULL, 1),
('A002', '2-й танковий полк', 2, NULL, 1),
('A003', '3-й артилерійський полк', 3, NULL, 2),
('A004', '4-й механізований полк', 4, NULL, 1),
('A005', '5-й танковий полк', 5, NULL, 2),
('A006', '6-й артилерійський полк', 6, NULL, 3),
('A007', '7-й механізований полк', 7, NULL, 1),
('A008', '8-й танковий полк', 8, NULL, 2),
('A009', '9-й артилерійський полк', 9, NULL, 3),
('B001', '1-й розвідувальний батальйон', NULL, 1, 4),
('B002', '2-й інженерний батальйон', NULL, 2, 4),
('B003', '3-й батальйон зв\'язку', NULL, 3, 5),
('B004', '4-й медичний батальйон', NULL, 4, 5);

-- Companies
INSERT INTO "рота" ("номер", "назва", "військова_частина_id") VALUES
(1, '1-а рота', 1), (2, '2-а рота', 1), (3, '3-а рота', 1),
(1, '1-а рота', 2), (2, '2-а рота', 2), (3, '3-а рота', 2),
(1, '1-а рота', 3), (2, '2-а рота', 3), (3, '3-а рота', 3),
(1, '1-а рота', 4), (2, '2-а рота', 4), (3, '3-а рота', 4),
(1, '1-а рота', 5), (2, '2-а рота', 5), (3, '3-а рота', 5);

-- Platoons
INSERT INTO "взвод" ("номер", "назва", "рота_id") VALUES
(1, '1-й взвод', 1), (2, '2-й взвод', 1), (3, '3-й взвод', 1),
(1, '1-й взвод', 2), (2, '2-й взвод', 2), (3, '3-й взвод', 2),
(1, '1-й взвод', 3), (2, '2-й взвод', 3), (3, '3-й взвод', 3),
(1, '1-й взвод', 4), (2, '2-й взвод', 4), (3, '3-й взвод', 4),
(1, '1-й взвод', 5), (2, '2-й взвод', 5), (3, '3-й взвод', 5);

-- Squads
INSERT INTO "відділення" ("номер", "назва", "взвод_id") VALUES
(1, '1-е відділення', 1), (2, '2-е відділення', 1), (3, '3-е відділення', 1),
(1, '1-е відділення', 2), (2, '2-е відділення', 2), (3, '3-е відділення', 2),
(1, '1-е відділення', 3), (2, '2-е відділення', 3), (3, '3-е відділення', 3),
(1, '1-е відділення', 4), (2, '2-е відділення', 4), (3, '3-е відділення', 4),
(1, '1-е відділення', 5), (2, '2-е відділення', 5), (3, '3-е відділення', 5);

-- Military personnel
INSERT INTO "військовослужбовець" ("прізвище", "ім'я", "по_батькові", "звання_id", "посада", "дата_народження", "дата_прийняття", "військова_спеціальність_id", "відділення_id", "військова_частина_id") VALUES
-- Officers
('Іваненко', 'Іван', 'Іванович', 1, 'Командувач округу', '1965-03-15', '1983-09-01', 1, NULL, 1),
('Петренко', 'Петро', 'Петрович', 2, 'Командир армії', '1968-07-20', '1986-09-01', 1, NULL, 1),
('Сидоренко', 'Сидір', 'Сидорович', 3, 'Командир корпусу', '1970-11-10', '1988-09-01', 1, NULL, 1),
('Коваленко', 'Костянтин', 'Костянтинович', 4, 'Командир дивізії', '1972-05-25', '1990-09-01', 1, NULL, 1),
('Морозенко', 'Михайло', 'Михайлович', 5, 'Командир полку', '1975-09-12', '1993-09-01', 1, NULL, 1),
('Шевченко', 'Андрій', 'Андрійович', 6, 'Командир батальйону', '1978-01-30', '1996-09-01', 1, NULL, 1),
('Бондаренко', 'Олександр', 'Олександрович', 7, 'Командир роти', '1980-06-18', '1998-09-01', 1, NULL, 1),
('Ткаченко', 'Володимир', 'Володимирович', 8, 'Командир взводу', '1982-12-05', '2000-09-01', 1, 1, 1),
('Романенко', 'Дмитро', 'Дмитрович', 9, 'Командир взводу', '1985-04-22', '2003-09-01', 1, 2, 1),
-- Sergeants
('Лисенко', 'Сергій', 'Сергійович', 11, 'Старшина роти', '1987-08-14', '2005-09-01', 1, 3, 1),
('Гриценко', 'Олексій', 'Олексійович', 12, 'Старший сержант', '1989-02-28', '2007-09-01', 2, 4, 1),
('Кравченко', 'Максим', 'Максимович', 13, 'Сержант', '1991-10-16', '2009-09-01', 2, 5, 1),
('Мельник', 'Артем', 'Артемович', 14, 'Молодший сержант', '1993-05-03', '2011-09-01', 2, 6, 1),
('Козлов', 'Ігор', 'Ігорович', 15, 'Прапорщик', '1995-11-19', '2013-09-01', 3, 7, 1),
-- Privates
('Петров', 'Василь', 'Васильович', 17, 'Єфрейтор', '1997-07-07', '2015-09-01', 2, 8, 1),
('Сидоров', 'Микола', 'Миколайович', 18, 'Рядовий', '1999-03-25', '2017-09-01', 2, 9, 1),
('Коваль', 'Юрій', 'Юрійович', 18, 'Рядовий', '2001-09-11', '2019-09-01', 2, 10, 1),
('Мороз', 'Олександр', 'Олександрович', 18, 'Рядовий', '2003-01-17', '2021-09-01', 2, 11, 1),
('Шевчук', 'Роман', 'Романович', 18, 'Рядовий', '2005-06-08', '2023-09-01', 2, 12, 1);

-- Equipment types
INSERT INTO "тип_техніки" ("назва", "категорія") VALUES
('БМП-2', 'бойова'),
('БМП-3', 'бойова'),
('Т-64', 'бойова'),
('Т-72', 'бойова'),
('Т-80', 'бойова'),
('МТ-ЛБ', 'транспортна'),
('БТР-70', 'транспортна'),
('БТР-80', 'транспортна'),
('Урал-4320', 'транспортна'),
('КрАЗ-255', 'транспортна'),
('ГАЗ-66', 'транспортна'),
('Д-30', 'спеціальна'),
('2С1', 'спеціальна'),
('2С3', 'спеціальна');

-- Equipment
INSERT INTO "техніка" ("інвентарний_номер", "модель", "тип_техніки_id", "рік_випуску", "стан", "військова_частина_id", "відділення_id") VALUES
('BMP001', 'БМП-2', 1, 1985, 'справна', 1, 1),
('BMP002', 'БМП-2', 1, 1987, 'справна', 1, 2),
('BMP003', 'БМП-3', 2, 1990, 'справна', 1, 3),
('T64001', 'Т-64', 3, 1980, 'справна', 2, 4),
('T64002', 'Т-64', 3, 1982, 'справна', 2, 5),
('T72001', 'Т-72', 4, 1985, 'справна', 2, 6),
('MTLB001', 'МТ-ЛБ', 6, 1988, 'справна', 1, 7),
('BTR70001', 'БТР-70', 7, 1985, 'справна', 1, 8),
('BTR80001', 'БТР-80', 8, 1990, 'справна', 1, 9),
('URAL001', 'Урал-4320', 9, 1992, 'справна', 1, 10);

-- BMP attributes
INSERT INTO "атрибути_БМП" ("техніка_id", "броня", "озброєння", "екіпаж", "десант") VALUES
(1, 'сталева', '30-мм гармата, ПТРК', 3, 7),
(2, 'сталева', '30-мм гармата, ПТРК', 3, 7),
(3, 'композитна', '30-мм гармата, ПТРК', 3, 7);

-- Weapon types
INSERT INTO "тип_озброєння" ("назва", "категорія") VALUES
('АК-74', 'стрілецька'),
('АК-74М', 'стрілецька'),
('РПК-74', 'стрілецька'),
('СВД', 'стрілецька'),
('ПКМ', 'стрілецька'),
('РПГ-7', 'стрілецька'),
('РПГ-29', 'стрілецька'),
('Д-30', 'артилерійська'),
('2С1', 'артилерійська'),
('2С3', 'артилерійська'),
('9К111', 'ракетна'),
('9К113', 'ракетна'),
('9К115', 'ракетна');

-- Weapons
INSERT INTO "озброєння" ("серійний_номер", "модель", "тип_озброєння_id", "стан", "військова_частина_id", "відділення_id") VALUES
('AK001', 'АК-74', 1, 'справне', 1, 1),
('AK002', 'АК-74', 1, 'справне', 1, 1),
('AK003', 'АК-74М', 2, 'справне', 1, 2),
('AK004', 'АК-74М', 2, 'справне', 1, 2),
('RPK001', 'РПК-74', 3, 'справне', 1, 3),
('SVD001', 'СВД', 4, 'справне', 1, 4),
('PKM001', 'ПКМ', 5, 'справне', 1, 5),
('RPG001', 'РПГ-7', 6, 'справне', 1, 6),
('RPG002', 'РПГ-7', 6, 'справне', 1, 7),
('RPG003', 'РПГ-29', 7, 'справне', 1, 8);

-- Rifle attributes
INSERT INTO "атрибути_карабіна" ("озброєння_id", "калібр", "дальність_стрільби", "швидкострільність") VALUES
(1, '5.45x39', 1000, 600),
(2, '5.45x39', 1000, 600),
(3, '5.45x39', 1000, 600),
(4, '5.45x39', 1000, 600);

-- Machine gun attributes
INSERT INTO "атрибути_автомата" ("озброєння_id", "калібр", "дальність_стрільби", "швидкострільність", "режими_стрільби") VALUES
(5, '5.45x39', 1000, 600, 'автоматичний, одиночний'),
(6, '7.62x54R', 1500, 650, 'автоматичний, одиночний'),
(7, '7.62x54R', 1500, 650, 'автоматичний, одиночний');

-- Facilities
INSERT INTO "споруда" ("назва", "тип", "адреса", "військова_частина_id", "місце_дислокації_id") VALUES
('Казарма №1', 'казарма', 'Військове містечко "Захід", буд. 1', 1, 1),
('Казарма №2', 'казарма', 'Військове містечко "Захід", буд. 2', 1, 1),
('Штаб полку', 'штаб', 'Військове містечко "Захід", буд. 3', 1, 1),
('Склад зброї', 'склад', 'Військове містечко "Захід", буд. 4', 1, 1),
('Гараж техніки', 'гараж', 'Військове містечко "Захід", буд. 5', 1, 1),
('Медичний пункт', 'медичний', 'Військове містечко "Захід", буд. 6', 1, 1),
('Клуб', 'культурний', 'Військове містечко "Захід", буд. 7', 1, 1),
('Столова', 'харчування', 'Військове містечко "Захід", буд. 8', 1, 1);

-- Users
INSERT INTO "користувач" ("логін", "пароль", "роль_id", "email", "підтверджено") VALUES
('admin', '$2b$12$LQv3c1yqBWVHxkd0LHAkCOYz6TtxMQJqhN8/LewdBPj8VQjKz8K2O', 1, 'admin@military.gov.ua', TRUE),
('operator', '$2b$12$LQv3c1yqBWVHxkd0LHAkCOYz6TtxMQJqhN8/LewdBPj8VQjKz8K2O', 2, 'operator@military.gov.ua', TRUE),
('user', '$2b$12$LQv3c1yqBWVHxkd0LHAkCOYz6TtxMQJqhN8/LewdBPj8VQjKz8K2O', 3, 'user@military.gov.ua', TRUE),
('guest', '$2b$12$LQv3c1yqBWVHxkd0LHAkCOYz6TtxMQJqhN8/LewdBPj8VQjKz8K2O', 4, 'guest@military.gov.ua', FALSE);

-- Access requests
INSERT INTO "заявка_доступу" ("користувач_id", "статус", "коментар") VALUES
(4, 'новий', 'Потрібен доступ для перегляду даних');

-- Update commanders
UPDATE "рота" SET "командир_id" = 7 WHERE "id" = 1;
UPDATE "рота" SET "командир_id" = 7 WHERE "id" = 2;
UPDATE "взвод" SET "командир_id" = 8 WHERE "id" = 1;
UPDATE "взвод" SET "командир_id" = 9 WHERE "id" = 2;
UPDATE "відділення" SET "командир_id" = 11 WHERE "id" = 1;
UPDATE "відділення" SET "командир_id" = 12 WHERE "id" = 2;
UPDATE "відділення" SET "командир_id" = 13 WHERE "id" = 3;